,mean,std,min,median,max
Accelerometer1RMS,0.13000683366837387,0.12609959657926198,0.0,0.08042889999999994,0.722747
Accelerometer2RMS,0.16359399550789586,0.14418127849647994,0.0,0.13024249999999998,0.8004979999999999
Current,1.834005911673069,6.333487242011503,0.355411,1.37623,243.829
Pressure,0.08022576259069569,0.25952970628538613,-1.257,0.054711,1.69435
Temperature,79.36178154075971,9.403996104696821,65.089,84.97545,95.0114
Thermocouple,26.576257682458387,2.5396418309701887,22.0209,25.6096,33.4151
Voltage,229.39890586346567,12.677239725004377,0.5807760000000001,229.845,255.324
Volume Flow RateRMS,75.26738188715322,45.83956401728605,0.0,72.0214,133.688
